{
    "name": "root",
    "metadata": {
        "timer_format_version": "0.1.0",
        "start_time_seconds": "1609998889",
        "python_version": "3.8.5 (default, Sep  3 2020, 21:29:08) [MSC v.1916 64 bit (AMD64)]",
        "command_line_arguments": "C:\\Users\\cullb\\Documents\\GitHub\\PracticeMLAgents\\venv\\Scripts\\mlagents-learn config/movetogoal.yaml --initialize-from=NN5 --run-id=NN6",
        "mlagents_version": "0.23.0",
        "mlagents_envs_version": "0.23.0",
        "communication_protocol_version": "1.3.0",
        "pytorch_version": "1.7.0+cu110",
        "numpy_version": "1.18.5",
        "end_time_seconds": "1609998929"
    },
    "total": 39.7768112,
    "count": 1,
    "self": 0.013009499999995455,
    "children": {
        "run_training.setup": {
            "total": 0.01176659999999985,
            "count": 1,
            "self": 0.01176659999999985
        },
        "TrainerController.start_learning": {
            "total": 39.7520351,
            "count": 1,
            "self": 1.0634327999999513,
            "children": {
                "TrainerController._reset_env": {
                    "total": 8.4085932,
                    "count": 1,
                    "self": 8.4085932
                },
                "TrainerController.advance": {
                    "total": 30.110391500000045,
                    "count": 1362,
                    "self": 0.02384740000001173,
                    "children": {
                        "env_step": {
                            "total": 30.086544100000033,
                            "count": 1362,
                            "self": 25.550517700000047,
                            "children": {
                                "SubprocessEnvManager._take_step": {
                                    "total": 4.510176900000019,
                                    "count": 1362,
                                    "self": 0.11676820000005428,
                                    "children": {
                                        "TorchPolicy.evaluate": {
                                            "total": 4.393408699999965,
                                            "count": 1237,
                                            "self": 1.5432360999999855,
                                            "children": {
                                                "TorchPolicy.sample_actions": {
                                                    "total": 2.850172599999979,
                                                    "count": 1237,
                                                    "self": 2.850172599999979
                                                }
                                            }
                                        }
                                    }
                                },
                                "workers": {
                                    "total": 0.025849499999967662,
                                    "count": 1361,
                                    "self": 0.0,
                                    "children": {
                                        "worker_root": {
                                            "total": 32.11940790000005,
                                            "count": 1361,
                                            "is_parallel": true,
                                            "self": 13.756876900000066,
                                            "children": {
                                                "steps_from_proto": {
                                                    "total": 0.0005907000000000551,
                                                    "count": 1,
                                                    "is_parallel": true,
                                                    "self": 0.00021699999999924557,
                                                    "children": {
                                                        "_process_vector_observation": {
                                                            "total": 0.0003737000000008095,
                                                            "count": 2,
                                                            "is_parallel": true,
                                                            "self": 0.0003737000000008095
                                                        }
                                                    }
                                                },
                                                "UnityEnvironment.step": {
                                                    "total": 18.361940299999983,
                                                    "count": 1361,
                                                    "is_parallel": true,
                                                    "self": 0.16748759999975604,
                                                    "children": {
                                                        "UnityEnvironment._generate_step_input": {
                                                            "total": 0.6591487000001877,
                                                            "count": 1361,
                                                            "is_parallel": true,
                                                            "self": 0.6591487000001877
                                                        },
                                                        "communicator.exchange": {
                                                            "total": 17.122893199999993,
                                                            "count": 1361,
                                                            "is_parallel": true,
                                                            "self": 17.122893199999993
                                                        },
                                                        "steps_from_proto": {
                                                            "total": 0.41241080000004615,
                                                            "count": 1361,
                                                            "is_parallel": true,
                                                            "self": 0.16634999999998,
                                                            "children": {
                                                                "_process_vector_observation": {
                                                                    "total": 0.24606080000006614,
                                                                    "count": 2722,
                                                                    "is_parallel": true,
                                                                    "self": 0.24606080000006614
                                                                }
                                                            }
                                                        }
                                                    }
                                                }
                                            }
                                        }
                                    }
                                }
                            }
                        }
                    }
                },
                "trainer_threads": {
                    "total": 5.9900000003665355e-05,
                    "count": 1,
                    "self": 5.9900000003665355e-05,
                    "children": {
                        "thread_root": {
                            "total": 0.0,
                            "count": 0,
                            "is_parallel": true,
                            "self": 0.0,
                            "children": {
                                "trainer_advance": {
                                    "total": 29.7287248,