{
    "name": "root",
    "gauges": {
        "MoveToGoal.Policy.Entropy.mean": {
            "value": 1.7430649995803833,
            "min": 1.7173242568969727,
            "max": 1.7925021648406982,
            "count": 50
        },
        "MoveToGoal.Environment.EpisodeLength.mean": {
            "value": 8.290322580645162,
            "min": 6.065217391304348,
            "max": 9.52041884816754,
            "count": 50
        },
        "MoveToGoal.Policy.ExtrinsicValueEstimate.mean": {
            "value": 0.8554326891899109,
            "min": 0.09123875945806503,
            "max": 0.9149890542030334,
            "count": 50
        },
        "MoveToGoal.Environment.CumulativeReward.mean": {
            "value": 0.930841121495327,
            "min": 0.11578947368421053,
            "max": 0.95503746877602,
            "count": 50
        },
        "MoveToGoal.Policy.ExtrinsicReward.mean": {
            "value": 0.930841121495327,
            "min": 0.11578947368421053,
            "max": 0.95503746877602,
            "count": 50
        },
        "MoveToGoal.Losses.PolicyLoss.mean": {
            "value": 0.25431459023366326,
            "min": 0.23204859382174473,
            "max": 0.25431459023366326,
            "count": 50
        },
        "MoveToGoal.Losses.ValueLoss.mean": {
            "value": 0.062243156255214746,
            "min": 0.021393854253476598,
            "max": 0.10235820576027696,
            "count": 50
        },
        "MoveToGoal.Policy.LearningRate.mean": {
            "value": 2.9558168719035733e-06,
            "min": 2.9558168719035733e-06,
            "max": 0.00029698693850435415,
            "count": 50
        },
        "MoveToGoal.Policy.Epsilon.mean": {
            "value": 0.1009852392857143,
            "min": 0.1009852392857143,
            "max": 0.19899564583333332,
            "count": 50
        },
        "MoveToGoal.Policy.Beta.mean": {
            "value": 1.4827672500000005e-05,
            "min": 1.4827672500000005e-05,
            "max": 0.0004950786645833333,
            "count": 50
        },
        "MoveToGoal.IsTraining.mean": {
            "value": 1.0,
            "min": 1.0,
            "max": 1.0,
            "count": 50
        }
    },
    "metadata": {
        "timer_format_version": "0.1.0",
        "start_time_seconds": "1610000935",
        "python_version": "3.8.5 (default, Sep  3 2020, 21:29:08) [MSC v.1916 64 bit (AMD64)]",
        "command_line_arguments": "C:\\Users\\cullb\\Documents\\GitHub\\PracticeMLAgents\\venv\\Scripts\\mlagents-learn config/movetogoal.yaml --initialize-from=NN7 --run-id=NN8",
        "mlagents_version": "0.23.0",
        "mlagents_envs_version": "0.23.0",
        "communication_protocol_version": "1.3.0",
        "pytorch_version": "1.7.0+cu110",
        "numpy_version": "1.18.5",
        "end_time_seconds": "1610003786"
    },
    "total": 2850.5116116,
    "count": 1,
    "self": 0.02350639999986015,
    "children": {
        "run_training.setup": {
            "total": 0.013074999999999948,
            "count": 1,
            "self": 0.013074999999999948
        },
        "TrainerController.start_learning": {
            "total": 2850.4750302,
            "count": 1,
            "self": 3.228717500014227,
            "children": {
                "TrainerController._reset_env": {
                    "total": 17.572566499999997,
                    "count": 1,
                    "self": 17.572566499999997
                },
                "TrainerController.advance": {
                    "total": 2829.5896982999857,
                    "count": 105691,
                    "self": 1.589100299968777,
                    "children": {
                        "env_step": {
                            "total": 2828.000598000017,
                            "count": 105691,
                            "self": 2599.7466204999896,
                            "children": {
                                "SubprocessEnvManager._take_step": {
                                    "total": 226.3471295000302,
                                    "count": 105691,
                                    "self": 6.046128400029943,
                                    "children": {
                                        "TorchPolicy.evaluate": {
                                            "total": 220.30100110000026,
                                            "count": 62520,
                                            "self": 81.29237260001017,
                                            "children": {
                                                "TorchPolicy.sample_actions": {
                                                    "total": 139.0086284999901,
                                                    "count": 62520,
                                                    "self": 139.0086284999901
                                                }
                                            }
                                        }
                                    }
                                },
                                "workers": {
                                    "total": 1.906847999997069,
                                    "count": 105691,
                                    "self": 0.0,
                                    "children": {
                                        "worker_root": {
                                            "total": 2829.769667999954,
                                            "count": 105691,
                                            "is_parallel": true,
                                            "self": 1193.7693000999902,
                                            "children": {
                                                "steps_from_proto": {
                                                    "total": 0.00050880000000042,
                                                    "count": 1,
                                                    "is_parallel": true,
                                                    "self": 0.00016049999999978581,
                                                    "children": {
                                                        "_process_vector_observation": {
                                                            "total": 0.0003483000000006342,
                                                            "count": 2,
                                                            "is_parallel": true,
                                                            "self": 0.0003483000000006342
                                                        }
                                                    }
                                                },
                                                "UnityEnvironment.step": {
                                                    "total": 1635.9998590999637,
                                                    "count": 105691,
                                                    "is_parallel": true,
                                                    "self": 13.162940199968489,
                                                    "children": {
                                                        "UnityEnvironment._generate_step_input": {
                                                            "total": 52.92487799998223,
                                                            "count": 105691,
                                                            "is_parallel": true,
                                                            "self": 52.92487799998223
                                                        },
                                                        "communicator.exchange": {
                                                            "total": 1538.398897400001,
                                                            "count": 105691,