{
    "name": "root",
    "gauges": {
        "MoveToGoal.Policy.Entropy.mean": {
            "value": 2.148085832595825,
            "min": 2.148085832595825,
            "max": 2.270765781402588,
            "count": 50
        },
        "MoveToGoal.Environment.EpisodeLength.mean": {
            "value": 10.890330188679245,
            "min": 6.046218487394958,
            "max": 11.138310893512852,
            "count": 50
        },
        "MoveToGoal.Policy.ExtrinsicValueEstimate.mean": {
            "value": 0.7521411180496216,
            "min": 0.023784121498465538,
            "max": 0.7521411180496216,
            "count": 50
        },
        "MoveToGoal.Environment.CumulativeReward.mean": {
            "value": 0.8021327014218009,
            "min": 0.026836158192090395,
            "max": 0.8021327014218009,
            "count": 50
        },
        "MoveToGoal.Policy.ExtrinsicReward.mean": {
            "value": 0.8021327014218009,
            "min": 0.026836158192090395,
            "max": 0.8021327014218009,
            "count": 50
        },
        "MoveToGoal.Losses.PolicyLoss.mean": {
            "value": 0.24138108579575526,
            "min": 0.23616432791910333,
            "max": 0.24964113665304194,
            "count": 50
        },
        "MoveToGoal.Losses.ValueLoss.mean": {
            "value": 0.017375388986228528,
            "min": 0.003565638812089846,
            "max": 0.07237206967045968,
            "count": 50
        },
        "MoveToGoal.Policy.LearningRate.mean": {
            "value": 3.004877569835716e-06,
            "min": 3.004877569835716e-06,
            "max": 0.0002970097953629324,
            "count": 50
        },
        "MoveToGoal.Policy.Epsilon.mean": {
            "value": 0.10100159285714286,
            "min": 0.10100159285714286,
            "max": 0.19900326478873243,
            "count": 50
        },
        "MoveToGoal.Policy.Beta.mean": {
            "value": 1.4907805000000004e-05,
            "min": 1.4907805000000004e-05,
            "max": 0.0004951159974647889,
            "count": 50
        },
        "MoveToGoal.IsTraining.mean": {
            "value": 1.0,
            "min": 1.0,
            "max": 1.0,
            "count": 50
        }
    },
    "metadata": {
        "timer_format_version": "0.1.0",
        "start_time_seconds": "1610044790",
        "python_version": "3.8.5 (default, Sep  3 2020, 21:29:08) [MSC v.1916 64 bit (AMD64)]",
        "command_line_arguments": "C:\\Users\\cullb\\Documents\\GitHub\\PracticeMLAgents\\venv\\Scripts\\mlagents-learn config/movetogoal.yaml --initialize-from=NN11 --run-id=NN12",
        "mlagents_version": "0.23.0",
        "mlagents_envs_version": "0.23.0",
        "communication_protocol_version": "1.3.0",
        "pytorch_version": "1.7.0+cu110",
        "numpy_version": "1.18.5",
        "end_time_seconds": "1610048241"
    },
    "total": 3450.611927,
    "count": 1,
    "self": 0.01886659999991025,
    "children": {
        "run_training.setup": {
            "total": 0.013327399999999878,
            "count": 1,
            "self": 0.013327399999999878
        },
        "TrainerController.start_learning": {
            "total": 3450.579733,
            "count": 1,
            "self": 4.776841099956528,
            "children": {
                "TrainerController._reset_env": {
                    "total": 34.6985324,
                    "count": 1,
                    "self": 34.6985324
                },
                "TrainerController.advance": {
                    "total": 3411.0211167000434,
                    "count": 148099,
                    "self": 2.296739400090246,
                    "children": {
                        "env_step": {
                            "total": 3408.724377299953,
                            "count": 148099,
                            "self": 3065.111678699976,
                            "children": {
                                "SubprocessEnvManager._take_step": {
                                    "total": 340.820006799912,
                                    "count": 148099,
                                    "self": 9.296029599906092,
                                    "children": {
                                        "TorchPolicy.evaluate": {
                                            "total": 331.5239772000059,
                                            "count": 100041,
                                            "self": 122.1586440000018,
                                            "children": {
                                                "TorchPolicy.sample_actions": {
                                                    "total": 209.3653332000041,
                                                    "count": 100041,
                                                    "self": 209.3653332000041
                                                }
                                            }
                                        }
                                    }
                                },
                                "workers": {
                                    "total": 2.792691800065178,
                                    "count": 148099,
                                    "self": 0.0,
                                    "children": {
                                        "worker_root": {
                                            "total": 3410.8297534000067,
                                            "count": 148099,
                                            "is_parallel": true,
                                            "self": 859.5066612000596,
                                            "children": {
                                                "steps_from_proto": {
                                                    "total": 0.0005725999999981468,
                                                    "count": 1,
                                                    "is_parallel": true,
                                                    "self": 0.00018419999999963466,
                                                    "children": {
                                                        "_process_vector_observation": {
                                                            "total": 0.00038839999999851216,
                                                            "count": 2,
                                                            "is_parallel": true,
                                                            "self": 0.00038839999999851216
                                                        }
                                                    }
                                                },
                                                "UnityEnvironment.step": {
                                                    "total": 2551.322519599947,
                                                    "count": 148099,
                                                    "is_parallel": true,
                                                    "self": 17.48740359993144,
                                                    "children": {
                                                        "UnityEnvironment._generate_step_input": {
                                                            "total": 61.699357999991385,
                                                            "count": 148099,
                                                            "is_parallel": true,
                                                            "self": 61.699357999991385
                                                        },
                                                        "communicator.exchange": {
                                                            "total": 2430.5184505999555,
                                                            "count": 148099,