{
    "name": "root",
    "gauges": {
        "MoveToGoal.Policy.Entropy.mean": {
            "value": 1.4936407804489136,
            "min": 1.4594038724899292,
            "max": 1.4936407804489136,
            "count": 2
        },
        "MoveToGoal.Environment.EpisodeLength.mean": {
            "value": 29.539184952978058,
            "min": 26.612299465240643,
            "max": 29.539184952978058,
            "count": 2
        },
        "MoveToGoal.Policy.ExtrinsicValueEstimate.mean": {
            "value": -0.6184523105621338,
            "min": -0.6184523105621338,
            "max": -0.5772925019264221,
            "count": 2
        },
        "MoveToGoal.Environment.CumulativeReward.mean": {
            "value": -0.5670731707317073,
            "min": -0.5674931129476584,
            "max": -0.5670731707317073,
            "count": 2
        },
        "MoveToGoal.Policy.ExtrinsicReward.mean": {
            "value": -0.5670731707317073,
            "min": -0.5674931129476584,
            "max": -0.5670731707317073,
            "count": 2
        },
        "MoveToGoal.Losses.PolicyLoss.mean": {
            "value": 0.2496400213946824,
            "min": 0.2496400213946824,
            "max": 0.26673716193811803,
            "count": 2
        },
        "MoveToGoal.Losses.ValueLoss.mean": {
            "value": 0.106807595757037,
            "min": 0.106807595757037,
            "max": 0.27093945635416183,
            "count": 2
        },
        "MoveToGoal.Policy.LearningRate.mean": {
            "value": 0.00029103615298795005,
            "min": 0.00029103615298795005,
            "max": 0.0002973432008856,
            "count": 2
        },
        "MoveToGoal.Policy.Epsilon.mean": {
            "value": 0.19701205,
            "min": 0.19701205,
            "max": 0.19911440000000002,
            "count": 2
        },
        "MoveToGoal.Policy.Beta.mean": {
            "value": 0.00048535904499999997,
            "min": 0.00048535904499999997,
            "max": 0.00049566056,
            "count": 2
        },
        "MoveToGoal.IsTraining.mean": {
            "value": 1.0,
            "min": 1.0,
            "max": 1.0,
            "count": 2
        }
    },
    "metadata": {
        "timer_format_version": "0.1.0",
        "start_time_seconds": "1609995954",
        "python_version": "3.8.5 (default, Sep  3 2020, 21:29:08) [MSC v.1916 64 bit (AMD64)]",
        "command_line_arguments": "C:\\Users\\cullb\\Documents\\GitHub\\PracticeMLAgents\\venv\\Scripts\\mlagents-learn config/movetogoal.yaml --initialize-from=LearnGoal4 --run-id=LearnGoal5",
        "mlagents_version": "0.23.0",
        "mlagents_envs_version": "0.23.0",
        "communication_protocol_version": "1.3.0",
        "pytorch_version": "1.7.0+cu110",
        "numpy_version": "1.18.5",
        "end_time_seconds": "1609996324"
    },
    "total": 370.0368977,
    "count": 1,
    "self": 0.01515230000001111,
    "children": {
        "run_training.setup": {
            "total": 0.020673700000000128,
            "count": 1,
            "self": 0.020673700000000128
        },
        "TrainerController.start_learning": {
            "total": 370.0010717,
            "count": 1,
            "self": 0.3825195000001713,
            "children": {
                "TrainerController._reset_env": {
                    "total": 28.366135699999997,
                    "count": 1,
                    "self": 28.366135699999997
                },
                "TrainerController.advance": {
                    "total": 340.9391166999999,
                    "count": 6537,
                    "self": 0.18995710000018562,
                    "children": {
                        "env_step": {
                            "total": 340.7491595999997,
                            "count": 6537,
                            "self": 309.13553079999883,
                            "children": {
                                "SubprocessEnvManager._take_step": {
                                    "total": 31.409968099999176,
                                    "count": 6537,
                                    "self": 0.9427593999987032,
                                    "children": {
                                        "TorchPolicy.evaluate": {
                                            "total": 30.467208700000473,
                                            "count": 5824,
                                            "self": 11.155979600000894,
                                            "children": {
                                                "TorchPolicy.sample_actions": {
                                                    "total": 19.31122909999958,
                                                    "count": 5824,
                                                    "self": 19.31122909999958
                                                }
                                            }
                                        }
                                    }
                                },
                                "workers": {
                                    "total": 0.20366070000171632,
                                    "count": 6536,
                                    "self": 0.0,
                                    "children": {
                                        "worker_root": {
                                            "total": 252.38619940000086,
                                            "count": 6536,
                                            "is_parallel": true,
                                            "self": 70.79168680000222,
                                            "children": {
                                                "steps_from_proto": {
                                                    "total": 0.0005856000000008521,
                                                    "count": 1,
                                                    "is_parallel": true,
                                                    "self": 0.00020139999999813085,
                                                    "children": {
                                                        "_process_vector_observation": {
                                                            "total": 0.00038420000000272125,
                                                            "count": 2,
                                                            "is_parallel": true,
                                                            "self": 0.00038420000000272125
                                                        }
                                                    }
                                                },
                                                "UnityEnvironment.step": {
                                                    "total": 181.59392699999864,
                                                    "count": 6536,
                                                    "is_parallel": true,
                                                    "self": 1.3423574999989967,
                                                    "children": {
                                                        "UnityEnvironment._generate_step_input": {
                                                            "total": 4.721003100000473,
                                                            "count": 6536,
                                                            "is_parallel": true,
                                                            "self": 4.721003100000473
                                                        },
                                                        "communicator.exchange": {
                                                            "total": 172.4587411000003,
                                                            "count": 6536,