{
    "name": "root",
    "gauges": {
        "MoveToGoal.Policy.Entropy.mean": {
            "value": 1.9462945461273193,
            "min": 1.750526785850525,
            "max": 1.947575569152832,
            "count": 18
        },
        "MoveToGoal.Environment.EpisodeLength.mean": {
            "value": 8.010091743119267,
            "min": 7.607235142118863,
            "max": 10.98092967818832,
            "count": 18
        },
        "MoveToGoal.Policy.ExtrinsicValueEstimate.mean": {
            "value": -0.14649337530136108,
            "min": -0.4968110918998718,
            "max": -0.04962971806526184,
            "count": 18
        },
        "MoveToGoal.Environment.CumulativeReward.mean": {
            "value": -0.11517367458866545,
            "min": -0.46649260226283723,
            "max": -0.024757804090419805,
            "count": 18
        },
        "MoveToGoal.Policy.ExtrinsicReward.mean": {
            "value": -0.11517367458866545,
            "min": -0.46649260226283723,
            "max": -0.024757804090419805,
            "count": 18
        },
        "MoveToGoal.Losses.PolicyLoss.mean": {
            "value": 0.24612810781082956,
            "min": 0.2316128879063027,
            "max": 0.2549049179659661,
            "count": 18
        },
        "MoveToGoal.Losses.ValueLoss.mean": {
            "value": 0.0837504311157425,
            "min": 0.055770015374802556,
            "max": 0.15608028964765067,
            "count": 18
        },
        "MoveToGoal.Policy.LearningRate.mean": {
            "value": 0.00019493684956651638,
            "min": 0.00019493684956651638,
            "max": 0.00029697446909361696,
            "count": 18
        },
        "MoveToGoal.Policy.Epsilon.mean": {
            "value": 0.16497893818181816,
            "min": 0.16497893818181816,
            "max": 0.1989914893617022,
            "count": 18
        },
        "MoveToGoal.Policy.Beta.mean": {
            "value": 0.00032839679709090907,
            "min": 0.00032839679709090907,
            "max": 0.0004950582978723403,
            "count": 18
        },
        "MoveToGoal.IsTraining.mean": {
            "value": 1.0,
            "min": 1.0,
            "max": 1.0,
            "count": 18
        }
    },
    "metadata": {
        "timer_format_version": "0.1.0",
        "start_time_seconds": "1610035737",
        "python_version": "3.8.5 (default, Sep  3 2020, 21:29:08) [MSC v.1916 64 bit (AMD64)]",
        "command_line_arguments": "C:\\Users\\cullb\\Documents\\GitHub\\PracticeMLAgents\\venv\\Scripts\\mlagents-learn config/movetogoal.yaml --initialize-from=NN8 --run-id=NN9",
        "mlagents_version": "0.23.0",
        "mlagents_envs_version": "0.23.0",
        "communication_protocol_version": "1.3.0",
        "pytorch_version": "1.7.0+cu110",
        "numpy_version": "1.18.5",
        "end_time_seconds": "1610036632"
    },
    "total": 895.6637475,
    "count": 1,
    "self": 0.009258400000021538,
    "children": {
        "run_training.setup": {
            "total": 0.012193699999999863,
            "count": 1,
            "self": 0.012193699999999863
        },
        "TrainerController.start_learning": {
            "total": 895.6422954,
            "count": 1,
            "self": 1.8791187999971726,
            "children": {
                "TrainerController._reset_env": {
                    "total": 9.5579556,
                    "count": 1,
                    "self": 9.5579556
                },
                "TrainerController.advance": {
                    "total": 884.0618468000029,
                    "count": 26895,
                    "self": 0.4397411000023794,
                    "children": {
                        "env_step": {
                            "total": 883.6221057000005,
                            "count": 26895,
                            "self": 831.3046835000048,
                            "children": {
                                "SubprocessEnvManager._take_step": {
                                    "total": 51.79467449999919,
                                    "count": 26895,
                                    "self": 1.4249103999995256,
                                    "children": {
                                        "TorchPolicy.evaluate": {
                                            "total": 50.369764099999664,
                                            "count": 13364,
                                            "self": 17.55226530000337,
                                            "children": {
                                                "TorchPolicy.sample_actions": {
                                                    "total": 32.817498799996294,
                                                    "count": 13364,
                                                    "self": 32.817498799996294
                                                }
                                            }
                                        }
                                    }
                                },
                                "workers": {
                                    "total": 0.5227476999965255,
                                    "count": 26894,
                                    "self": 0.0,
                                    "children": {
                                        "worker_root": {
                                            "total": 886.0125589000077,
                                            "count": 26894,
                                            "is_parallel": true,
                                            "self": 548.9810669000176,
                                            "children": {
                                                "steps_from_proto": {
                                                    "total": 0.0011428000000002214,
                                                    "count": 1,
                                                    "is_parallel": true,
                                                    "self": 0.00031610000000004135,
                                                    "children": {
                                                        "_process_vector_observation": {
                                                            "total": 0.0008267000000001801,
                                                            "count": 2,
                                                            "is_parallel": true,
                                                            "self": 0.0008267000000001801
                                                        }
                                                    }
                                                },
                                                "UnityEnvironment.step": {
                                                    "total": 337.03034919999004,
                                                    "count": 26894,
                                                    "is_parallel": true,
                                                    "self": 3.561071699997001,
                                                    "children": {
                                                        "UnityEnvironment._generate_step_input": {
                                                            "total": 17.23528429998987,
                                                            "count": 26894,
                                                            "is_parallel": true,
                                                            "self": 17.23528429998987
                                                        },
                                                        "communicator.exchange": {
                                                            "total": 307.1900175000005,
                                                            "count": 26894,