{
    "name": "root",
    "gauges": {
        "MoveToGoal.Policy.Entropy.mean": {
            "value": 1.3999420404434204,
            "min": 1.3999420404434204,
            "max": 1.4186298847198486,
            "count": 10
        },
        "MoveToGoal.Environment.EpisodeLength.mean": {
            "value": 15.959308240081384,
            "min": 15.959308240081384,
            "max": 25.591489361702127,
            "count": 10
        },
        "MoveToGoal.Policy.ExtrinsicValueEstimate.mean": {
            "value": 0.8080267310142517,
            "min": -0.7770017981529236,
            "max": 0.8080267310142517,
            "count": 10
        },
        "MoveToGoal.Environment.CumulativeReward.mean": {
            "value": 0.9596336499321574,
            "min": -0.9902552204176334,
            "max": 0.9596336499321574,
            "count": 10
        },
        "MoveToGoal.Policy.ExtrinsicReward.mean": {
            "value": 0.9596336499321574,
            "min": -0.9902552204176334,
            "max": 0.9596336499321574,
            "count": 10
        },
        "MoveToGoal.Losses.PolicyLoss.mean": {
            "value": 0.023127768049016596,
            "min": 0.020918568776299558,
            "max": 0.02579431901996334,
            "count": 10
        },
        "MoveToGoal.Losses.ValueLoss.mean": {
            "value": 0.025806874887396893,
            "min": 0.025806874887396893,
            "max": 2.9411317862570288,
            "count": 10
        },
        "MoveToGoal.Policy.LearningRate.mean": {
            "value": 1.6716934427720002e-05,
            "min": 1.6716934427720002e-05,
            "max": 0.00028461345512885005,
            "count": 10
        },
        "MoveToGoal.Policy.Epsilon.mean": {
            "value": 0.10557228,
            "min": 0.10557228,
            "max": 0.19487115000000005,
            "count": 10
        },
        "MoveToGoal.Policy.Beta.mean": {
            "value": 0.000288056772,
            "min": 0.000288056772,
            "max": 0.004744070384999999,
            "count": 10
        },
        "MoveToGoal.IsTraining.mean": {
            "value": 1.0,
            "min": 1.0,
            "max": 1.0,
            "count": 10
        }
    },
    "metadata": {
        "timer_format_version": "0.1.0",
        "start_time_seconds": "1609866042",
        "python_version": "3.8.5 (default, Sep  3 2020, 21:29:08) [MSC v.1916 64 bit (AMD64)]",
        "command_line_arguments": "C:\\Users\\cullb\\Documents\\GitHub\\PracticeMLAgents\\venv\\Scripts\\mlagents-learn --run-id=MoveToGoal",
        "mlagents_version": "0.23.0",
        "mlagents_envs_version": "0.23.0",
        "communication_protocol_version": "1.3.0",
        "pytorch_version": "1.7.0+cu110",
        "numpy_version": "1.18.5",
        "end_time_seconds": "1609866979"
    },
    "total": 936.3514036,
    "count": 1,
    "self": 0.01539560000014717,
    "children": {
        "run_training.setup": {
            "total": 0.014229099999999884,
            "count": 1,
            "self": 0.014229099999999884
        },
        "TrainerController.start_learning": {
            "total": 936.3217788999999,
            "count": 1,
            "self": 1.3106126999812204,
            "children": {
                "TrainerController._reset_env": {
                    "total": 7.4213679,
                    "count": 1,
                    "self": 7.4213679
                },
                "TrainerController.advance": {
                    "total": 927.5080479000187,
                    "count": 42280,
                    "self": 0.6808989000289785,
                    "children": {
                        "env_step": {
                            "total": 926.8271489999897,
                            "count": 42280,
                            "self": 832.1287958000036,
                            "children": {
                                "SubprocessEnvManager._take_step": {
                                    "total": 93.93256789999248,
                                    "count": 42280,
                                    "self": 2.682923299994002,
                                    "children": {
                                        "TorchPolicy.evaluate": {
                                            "total": 91.24964459999848,
                                            "count": 25014,
                                            "self": 33.15497000001052,
                                            "children": {
                                                "TorchPolicy.sample_actions": {
                                                    "total": 58.094674599987954,
                                                    "count": 25014,
                                                    "self": 58.094674599987954
                                                }
                                            }
                                        }
                                    }
                                },
                                "workers": {
                                    "total": 0.7657852999937376,
                                    "count": 42280,
                                    "self": 0.0,
                                    "children": {
                                        "worker_root": {
                                            "total": 928.9899926999988,
                                            "count": 42280,
                                            "is_parallel": true,
                                            "self": 210.22327289998123,
                                            "children": {
                                                "steps_from_proto": {
                                                    "total": 0.0006212000000003215,
                                                    "count": 1,
                                                    "is_parallel": true,
                                                    "self": 0.00016040000000128174,
                                                    "children": {
                                                        "_process_vector_observation": {
                                                            "total": 0.00046079999999903976,
                                                            "count": 2,
                                                            "is_parallel": true,
                                                            "self": 0.00046079999999903976
                                                        }
                                                    }
                                                },
                                                "UnityEnvironment.step": {
                                                    "total": 718.7660986000176,
                                                    "count": 42280,
                                                    "is_parallel": true,
                                                    "self": 5.480473800029699,
                                                    "children": {
                                                        "UnityEnvironment._generate_step_input": {
                                                            "total": 38.03489209998833,
                                                            "count": 42280,
                                                            "is_parallel": true,
                                                            "self": 38.03489209998833
                                                        },
                                                        "communicator.exchange": {
                                                            "total": 659.3298517000056,
                                                            "count": 42280,
                                                            "is_parallel": true,