{
    "name": "root",
    "metadata": {
        "timer_format_version": "0.1.0",
        "start_time_seconds": "1609906005",
        "python_version": "3.8.5 (default, Sep  3 2020, 21:29:08) [MSC v.1916 64 bit (AMD64)]",
        "command_line_arguments": "C:\\Users\\cullb\\Documents\\GitHub\\PracticeMLAgents\\venv\\Scripts\\mlagents-learn --run-id=LearnGoal3",
        "mlagents_version": "0.23.0",
        "mlagents_envs_version": "0.23.0",
        "communication_protocol_version": "1.3.0",
        "pytorch_version": "1.7.0+cu110",
        "numpy_version": "1.18.5",
        "end_time_seconds": "1609906066"
    },
    "total": 60.9799561,
    "count": 1,
    "self": 0.020706099999998173,
    "children": {
        "run_training.setup": {
            "total": 0.016906899999999947,
            "count": 1,
            "self": 0.016906899999999947
        },
        "TrainerController.start_learning": {
            "total": 60.9423431,
            "count": 1,
            "self": 0.04391089999984388,
            "children": {
                "TrainerController._reset_env": {
                    "total": 31.9636724,
                    "count": 1,
                    "self": 31.9636724
                },
                "TrainerController.advance": {
                    "total": 28.69048820000016,
                    "count": 1235,
                    "self": 0.021076700000314474,
                    "children": {
                        "env_step": {
                            "total": 28.669411499999846,
                            "count": 1235,
                            "self": 25.321154299999755,
                            "children": {
                                "SubprocessEnvManager._take_step": {
                                    "total": 3.325760200000012,
                                    "count": 1235,
                                    "self": 0.08719300000009156,
                                    "children": {
                                        "TorchPolicy.evaluate": {
                                            "total": 3.2385671999999204,
                                            "count": 754,
                                            "self": 0.9093029999998237,
                                            "children": {
                                                "TorchPolicy.sample_actions": {
                                                    "total": 2.3292642000000967,
                                                    "count": 754,
                                                    "self": 2.3292642000000967
                                                }
                                            }
                                        }
                                    }
                                },
                                "workers": {
                                    "total": 0.02249700000007948,
                                    "count": 1234,
                                    "self": 0.0,
                                    "children": {
                                        "worker_root": {
                                            "total": 30.78972639999995,
                                            "count": 1234,
                                            "is_parallel": true,
                                            "self": 8.531364399999934,
                                            "children": {
                                                "steps_from_proto": {
                                                    "total": 0.0005999000000009858,
                                                    "count": 1,
                                                    "is_parallel": true,
                                                    "self": 0.00016639999999767952,
                                                    "children": {
                                                        "_process_vector_observation": {
                                                            "total": 0.00043350000000330624,
                                                            "count": 2,
                                                            "is_parallel": true,
                                                            "self": 0.00043350000000330624
                                                        }
                                                    }
                                                },
                                                "UnityEnvironment.step": {
                                                    "total": 22.257762100000015,
                                                    "count": 1234,
                                                    "is_parallel": true,
                                                    "self": 0.16521759999996988,
                                                    "children": {
                                                        "UnityEnvironment._generate_step_input": {
                                                            "total": 1.2204036999999275,
                                                            "count": 1234,
                                                            "is_parallel": true,
                                                            "self": 1.2204036999999275
                                                        },
                                                        "communicator.exchange": {
                                                            "total": 20.37977199999999,
                                                            "count": 1234,
                                                            "is_parallel": true,
                                                            "self": 20.37977199999999
                                                        },
                                                        "steps_from_proto": {
                                                            "total": 0.49236880000012917,
                                                            "count": 1234,
                                                            "is_parallel": true,
                                                            "self": 0.15969300000018904,
                                                            "children": {
                                                                "_process_vector_observation": {
                                                                    "total": 0.3326757999999401,
                                                                    "count": 2468,
                                                                    "is_parallel": true,
                                                                    "self": 0.3326757999999401
                                                                }
                                                            }
                                                        }
                                                    }
                                                }
                                            }
                                        }
                                    }
                                }
                            }
                        }
                    }
                },
                "trainer_threads": {
                    "total": 4.069999999956053e-05,
                    "count": 1,
                    "self": 4.069999999956053e-05,
                    "children": {
                        "thread_root": {
                            "total": 0.0,
                            "count": 0,
                            "is_parallel": true,
                            "self": 0.0,
                            "children": {
                                "trainer_advance": {
                                    "total": 28.669244999999933,