{
    "name": "root",
    "gauges": {
        "MoveToGoal.Policy.Entropy.mean": {
            "value": 1.4176708459854126,
            "min": 1.4175035953521729,
            "max": 1.4257314205169678,
            "count": 10
        },
        "MoveToGoal.Environment.EpisodeLength.mean": {
            "value": 32.34687083888149,
            "min": 22.939655172413794,
            "max": 32.34687083888149,
            "count": 10
        },
        "MoveToGoal.Policy.ExtrinsicValueEstimate.mean": {
            "value": -0.5073626637458801,
            "min": -0.6257071495056152,
            "max": 9.255400657653809,
            "count": 10
        },
        "MoveToGoal.Environment.CumulativeReward.mean": {
            "value": -0.570286475682878,
            "min": -0.734745335350479,
            "max": -0.5587121212121212,
            "count": 10
        },
        "MoveToGoal.Policy.ExtrinsicReward.mean": {
            "value": -0.570286475682878,
            "min": -0.734745335350479,
            "max": -0.5587121212121212,
            "count": 10
        },
        "MoveToGoal.Losses.PolicyLoss.mean": {
            "value": 0.024580927190060418,
            "min": 0.02128340141304458,
            "max": 0.02524090013777216,
            "count": 10
        },
        "MoveToGoal.Losses.ValueLoss.mean": {
            "value": 0.06119022528330485,
            "min": 0.06119022528330485,
            "max": 71.39721891085307,
            "count": 10
        },
        "MoveToGoal.Policy.LearningRate.mean": {
            "value": 1.6766014411359992e-05,
            "min": 1.6766014411359992e-05,
            "max": 0.00028461930512689994,
            "count": 10
        },
        "MoveToGoal.Policy.Epsilon.mean": {
            "value": 0.10558864000000001,
            "min": 0.10558864000000001,
            "max": 0.19487309999999997,
            "count": 10
        },
        "MoveToGoal.Policy.Beta.mean": {
            "value": 0.00028887313599999993,
            "min": 0.00028887313599999993,
            "max": 0.0047441676899999995,
            "count": 10
        },
        "MoveToGoal.IsTraining.mean": {
            "value": 1.0,
            "min": 1.0,
            "max": 1.0,
            "count": 10
        }
    },
    "metadata": {
        "timer_format_version": "0.1.0",
        "start_time_seconds": "1609905033",
        "python_version": "3.8.5 (default, Sep  3 2020, 21:29:08) [MSC v.1916 64 bit (AMD64)]",
        "command_line_arguments": "C:\\Users\\cullb\\Documents\\GitHub\\PracticeMLAgents\\venv\\Scripts\\mlagents-learn --run-id=LearnGoal2",
        "mlagents_version": "0.23.0",
        "mlagents_envs_version": "0.23.0",
        "communication_protocol_version": "1.3.0",
        "pytorch_version": "1.7.0+cu110",
        "numpy_version": "1.18.5",
        "end_time_seconds": "1609905984"
    },
    "total": 951.2796978,
    "count": 1,
    "self": 0.01657399999999143,
    "children": {
        "run_training.setup": {
            "total": 0.013218500000000244,
            "count": 1,
            "self": 0.013218500000000244
        },
        "TrainerController.start_learning": {
            "total": 951.2499053,
            "count": 1,
            "self": 1.3801623000000518,
            "children": {
                "TrainerController._reset_env": {
                    "total": 11.860809,
                    "count": 1,
                    "self": 11.860809
                },
                "TrainerController.advance": {
                    "total": 937.9283260999999,
                    "count": 40316,
                    "self": 0.6700753999922426,
                    "children": {
                        "env_step": {
                            "total": 937.2582507000077,
                            "count": 40316,
                            "self": 832.0684996000016,
                            "children": {
                                "SubprocessEnvManager._take_step": {
                                    "total": 104.41451870000407,
                                    "count": 40316,
                                    "self": 3.003558000002073,
                                    "children": {
                                        "TorchPolicy.evaluate": {
                                            "total": 101.410960700002,
                                            "count": 26345,
                                            "self": 35.70513949999017,
                                            "children": {
                                                "TorchPolicy.sample_actions": {
                                                    "total": 65.70582120001183,
                                                    "count": 26345,
                                                    "self": 65.70582120001183
                                                }
                                            }
                                        }
                                    }
                                },
                                "workers": {
                                    "total": 0.7752324000019772,
                                    "count": 40316,
                                    "self": 0.0,
                                    "children": {
                                        "worker_root": {
                                            "total": 941.0117182999921,
                                            "count": 40316,
                                            "is_parallel": true,
                                            "self": 221.11270589999287,
                                            "children": {
                                                "steps_from_proto": {
                                                    "total": 0.005957800000000901,
                                                    "count": 1,
                                                    "is_parallel": true,
                                                    "self": 0.00024080000000203938,
                                                    "children": {
                                                        "_process_vector_observation": {
                                                            "total": 0.005716999999998862,
                                                            "count": 2,
                                                            "is_parallel": true,
                                                            "self": 0.005716999999998862
                                                        }
                                                    }
                                                },
                                                "UnityEnvironment.step": {
                                                    "total": 719.8930545999992,
                                                    "count": 40316,
                                                    "is_parallel": true,
                                                    "self": 5.323965299991983,
                                                    "children": {
                                                        "UnityEnvironment._generate_step_input": {
                                                            "total": 41.91266040000427,
                                                            "count": 40316,
                                                            "is_parallel": true,
                                                            "self": 41.91266040000427
                                                        },
                                                        "communicator.exchange": {
                                                            "total": 656.3420205000066,
                                                            "count": 40316,
                                                            "is_parallel": true,