{
    "name": "root",
    "gauges": {
        "MoveToGoal.Policy.Entropy.mean": {
            "value": 1.611741304397583,
            "min": 1.611741304397583,
            "max": 1.611741304397583,
            "count": 1
        },
        "MoveToGoal.Environment.EpisodeLength.mean": {
            "value": 23.497607655502392,
            "min": 23.497607655502392,
            "max": 23.497607655502392,
            "count": 1
        },
        "MoveToGoal.Policy.ExtrinsicValueEstimate.mean": {
            "value": -0.19539381563663483,
            "min": -0.19539381563663483,
            "max": -0.19539381563663483,
            "count": 1
        },
        "MoveToGoal.Environment.CumulativeReward.mean": {
            "value": -0.15099009900990099,
            "min": -0.15099009900990099,
            "max": -0.15099009900990099,
            "count": 1
        },
        "MoveToGoal.Policy.ExtrinsicReward.mean": {
            "value": -0.15099009900990099,
            "min": -0.15099009900990099,
            "max": -0.15099009900990099,
            "count": 1
        },
        "MoveToGoal.Losses.PolicyLoss.mean": {
            "value": 0.24396706120922532,
            "min": 0.24396706120922532,
            "max": 0.24396706120922532,
            "count": 1
        },
        "MoveToGoal.Losses.ValueLoss.mean": {
            "value": 0.08148097962244562,
            "min": 0.08148097962244562,
            "max": 0.08148097962244562,
            "count": 1
        },
        "MoveToGoal.Policy.LearningRate.mean": {
            "value": 0.0002970767227135565,
            "min": 0.0002970767227135565,
            "max": 0.0002970767227135565,
            "count": 1
        },
        "MoveToGoal.Policy.Epsilon.mean": {
            "value": 0.1990255739130435,
            "min": 0.1990255739130435,
            "max": 0.1990255739130435,
            "count": 1
        },
        "MoveToGoal.Policy.Beta.mean": {
            "value": 0.000495225312173913,
            "min": 0.000495225312173913,
            "max": 0.000495225312173913,
            "count": 1
        },
        "MoveToGoal.IsTraining.mean": {
            "value": 1.0,
            "min": 1.0,
            "max": 1.0,
            "count": 1
        }
    },
    "metadata": {
        "timer_format_version": "0.1.0",
        "start_time_seconds": "1609998749",
        "python_version": "3.8.5 (default, Sep  3 2020, 21:29:08) [MSC v.1916 64 bit (AMD64)]",
        "command_line_arguments": "C:\\Users\\cullb\\Documents\\GitHub\\PracticeMLAgents\\venv\\Scripts\\mlagents-learn config/movetogoal.yaml --initialize-from=NN4 --run-id=NN5",
        "mlagents_version": "0.23.0",
        "mlagents_envs_version": "0.23.0",
        "communication_protocol_version": "1.3.0",
        "pytorch_version": "1.7.0+cu110",
        "numpy_version": "1.18.5",
        "end_time_seconds": "1609998855"
    },
    "total": 105.81874400000001,
    "count": 1,
    "self": 0.01435190000002251,
    "children": {
        "run_training.setup": {
            "total": 0.019891300000000056,
            "count": 1,
            "self": 0.019891300000000056
        },
        "TrainerController.start_learning": {
            "total": 105.78450079999999,
            "count": 1,
            "self": 1.1572811999997725,
            "children": {
                "TrainerController._reset_env": {
                    "total": 7.5103269,
                    "count": 1,
                    "self": 7.5103269
                },
                "TrainerController.advance": {
                    "total": 96.97365160000022,
                    "count": 4434,
                    "self": 0.07150649999992709,
                    "children": {
                        "env_step": {
                            "total": 96.9021451000003,
                            "count": 4434,
                            "self": 83.20182490000035,
                            "children": {
                                "SubprocessEnvManager._take_step": {
                                    "total": 13.61433070000021,
                                    "count": 4434,
                                    "self": 0.36811270000025864,
                                    "children": {
                                        "TorchPolicy.evaluate": {
                                            "total": 13.246217999999951,
                                            "count": 3914,
                                            "self": 4.794798699999959,
                                            "children": {
                                                "TorchPolicy.sample_actions": {
                                                    "total": 8.451419299999992,
                                                    "count": 3914,
                                                    "self": 8.451419299999992
                                                }
                                            }
                                        }
                                    }
                                },
                                "workers": {
                                    "total": 0.08598949999974437,
                                    "count": 4433,
                                    "self": 0.0,
                                    "children": {
                                        "worker_root": {
                                            "total": 98.93812700000029,
                                            "count": 4433,
                                            "is_parallel": true,
                                            "self": 43.61871690000012,
                                            "children": {
                                                "steps_from_proto": {
                                                    "total": 0.001002199999999398,
                                                    "count": 1,
                                                    "is_parallel": true,
                                                    "self": 0.00045819999999974215,
                                                    "children": {
                                                        "_process_vector_observation": {
                                                            "total": 0.0005439999999996559,
                                                            "count": 2,
                                                            "is_parallel": true,
                                                            "self": 0.0005439999999996559
                                                        }
                                                    }
                                                },
                                                "UnityEnvironment.step": {
                                                    "total": 55.31840790000017,
                                                    "count": 4433,
                                                    "is_parallel": true,
                                                    "self": 0.5469570999997657,
                                                    "children": {
                                                        "UnityEnvironment._generate_step_input": {
                                                            "total": 2.099705000000096,
                                                            "count": 4433,
                                                            "is_parallel": true,
                                                            "self": 2.099705000000096
                                                        },
                                                        "communicator.exchange": {
                                                            "total": 51.34465060000011,
                                                            "count": 4433,