{"cameraMode":{"drawMode":0,"name":"Shaded","section":"Shading Mode"},"sceneLighting":false,"audioPlay":false,"sceneViewState":{"showFog":true,"showMaterialUpdate":false,"showSkybox":false,"showFlares":true,"showImageEffects":true,"showParticleSystems":true,"showVisualEffectGraphs":true,"m_FxEnabled":true},"in2DMode":false,"pivot":{"x":3.481574773788452,"y":0.19178561866283418,"z":-2.979706287384033},"rotation":{"x":0.6547669768333435,"y":0.03668630123138428,"z":-0.031847089529037479,"w":0.7542684078216553},"size":1.0509968996047974,"orthographic":true}