{
    "name": "root",
    "gauges": {
        "MoveToGoal.Policy.Entropy.mean": {
            "value": 1.4600633382797241,
            "min": 1.4428743124008179,
            "max": 1.4600633382797241,
            "count": 2
        },
        "MoveToGoal.Environment.EpisodeLength.mean": {
            "value": 12.255689424364123,
            "min": 12.255689424364123,
            "max": 12.814614343707714,
            "count": 2
        },
        "MoveToGoal.Policy.ExtrinsicValueEstimate.mean": {
            "value": -0.6588862538337708,
            "min": -0.6588862538337708,
            "max": -0.21090207993984222,
            "count": 2
        },
        "MoveToGoal.Environment.CumulativeReward.mean": {
            "value": -0.5879194630872483,
            "min": -0.6763485477178424,
            "max": -0.5879194630872483,
            "count": 2
        },
        "MoveToGoal.Policy.ExtrinsicReward.mean": {
            "value": -0.5879194630872483,
            "min": -0.6763485477178424,
            "max": -0.5879194630872483,
            "count": 2
        },
        "MoveToGoal.Losses.PolicyLoss.mean": {
            "value": 0.2479314737485409,
            "min": 0.2479314737485409,
            "max": 0.2583427641014953,
            "count": 2
        },
        "MoveToGoal.Losses.ValueLoss.mean": {
            "value": 0.4990734465501931,
            "min": 0.4990734465501931,
            "max": 19.78697205811353,
            "count": 2
        },
        "MoveToGoal.Policy.LearningRate.mean": {
            "value": 0.00029101099247002106,
            "min": 0.00029101099247002106,
            "max": 0.00029691579021725944,
            "count": 2
        },
        "MoveToGoal.Policy.Epsilon.mean": {
            "value": 0.19700366315789478,
            "min": 0.19700366315789478,
            "max": 0.19897192972972974,
            "count": 2
        },
        "MoveToGoal.Policy.Beta.mean": {
            "value": 0.00048531794947368433,
            "min": 0.00048531794947368433,
            "max": 0.0004949624556756756,
            "count": 2
        },
        "MoveToGoal.IsTraining.mean": {
            "value": 1.0,
            "min": 1.0,
            "max": 1.0,
            "count": 2
        }
    },
    "metadata": {
        "timer_format_version": "0.1.0",
        "start_time_seconds": "1609907753",
        "python_version": "3.8.5 (default, Sep  3 2020, 21:29:08) [MSC v.1916 64 bit (AMD64)]",
        "command_line_arguments": "C:\\Users\\cullb\\Documents\\GitHub\\PracticeMLAgents\\venv\\Scripts\\mlagents-learn config/movetogoal.yaml --run-id=TestParameters",
        "mlagents_version": "0.23.0",
        "mlagents_envs_version": "0.23.0",
        "communication_protocol_version": "1.3.0",
        "pytorch_version": "1.7.0+cu110",
        "numpy_version": "1.18.5",
        "end_time_seconds": "1609907906"
    },
    "total": 152.4034673,
    "count": 1,
    "self": 0.012176000000010845,
    "children": {
        "run_training.setup": {
            "total": 0.043056800000000006,
            "count": 1,
            "self": 0.043056800000000006
        },
        "TrainerController.start_learning": {
            "total": 152.3482345,
            "count": 1,
            "self": 1.1099998000003666,
            "children": {
                "TrainerController._reset_env": {
                    "total": 12.7919271,
                    "count": 1,
                    "self": 12.7919271
                },
                "TrainerController.advance": {
                    "total": 138.23536249999958,
                    "count": 2662,
                    "self": 0.05522549999963644,
                    "children": {
                        "env_step": {
                            "total": 138.18013699999995,
                            "count": 2662,
                            "self": 131.63369340000048,
                            "children": {
                                "SubprocessEnvManager._take_step": {
                                    "total": 6.481495999999684,
                                    "count": 2662,
                                    "self": 0.18633629999959922,
                                    "children": {
                                        "TorchPolicy.evaluate": {
                                            "total": 6.2951597000000845,
                                            "count": 1324,
                                            "self": 2.1666018999999785,
                                            "children": {
                                                "TorchPolicy.sample_actions": {
                                                    "total": 4.128557800000106,
                                                    "count": 1324,
                                                    "self": 4.128557800000106
                                                }
                                            }
                                        }
                                    }
                                },
                                "workers": {
                                    "total": 0.06494759999977973,
                                    "count": 2661,
                                    "self": 0.0,
                                    "children": {
                                        "worker_root": {
                                            "total": 141.47523809999936,
                                            "count": 2661,
                                            "is_parallel": true,
                                            "self": 88.27115219999943,
                                            "children": {
                                                "steps_from_proto": {
                                                    "total": 0.0011589000000000738,
                                                    "count": 1,
                                                    "is_parallel": true,
                                                    "self": 0.000335700000000827,
                                                    "children": {
                                                        "_process_vector_observation": {
                                                            "total": 0.0008231999999992468,
                                                            "count": 2,
                                                            "is_parallel": true,
                                                            "self": 0.0008231999999992468
                                                        }
                                                    }
                                                },
                                                "UnityEnvironment.step": {
                                                    "total": 53.202926999999924,
                                                    "count": 2661,
                                                    "is_parallel": true,
                                                    "self": 0.46821100000057214,
                                                    "children": {
                                                        "UnityEnvironment._generate_step_input": {
                                                            "total": 2.887352299999751,
                                                            "count": 2661,
                                                            "is_parallel": true,
                                                            "self": 2.887352299999751
                                                        },
                                                        "communicator.exchange": {
                                                            "total": 48.62860349999957,
                                                            "count": 2661,
                                                            "is_parallel": true,