{
    "name": "root",
    "gauges": {
        "MoveToGoal.Policy.Entropy.mean": {
            "value": 1.6045033931732178,
            "min": 1.4822241067886353,
            "max": 1.6045033931732178,
            "count": 8
        },
        "MoveToGoal.Environment.EpisodeLength.mean": {
            "value": 23.889434889434888,
            "min": 23.889434889434888,
            "max": 45.51598173515982,
            "count": 8
        },
        "MoveToGoal.Policy.ExtrinsicValueEstimate.mean": {
            "value": 0.3378744125366211,
            "min": -0.5251505970954895,
            "max": 0.3378744125366211,
            "count": 8
        },
        "MoveToGoal.Environment.CumulativeReward.mean": {
            "value": 0.3693467336683417,
            "min": -0.45132743362831856,
            "max": 0.3693467336683417,
            "count": 8
        },
        "MoveToGoal.Policy.ExtrinsicReward.mean": {
            "value": 0.3693467336683417,
            "min": -0.45132743362831856,
            "max": 0.3693467336683417,
            "count": 8
        },
        "MoveToGoal.Losses.PolicyLoss.mean": {
            "value": 1.727835751153595,
            "min": 0.2427433740806873,
            "max": 1.727835751153595,
            "count": 8
        },
        "MoveToGoal.Losses.ValueLoss.mean": {
            "value": 0.04960926226265997,
            "min": 0.03753772752978728,
            "max": 0.13409254436811305,
            "count": 8
        },
        "MoveToGoal.Policy.LearningRate.mean": {
            "value": 0.0002549364150212,
            "min": 0.0002549364150212,
            "max": 0.0002971275609574799,
            "count": 8
        },
        "MoveToGoal.Policy.Epsilon.mean": {
            "value": 0.18497879999999997,
            "min": 0.18497879999999997,
            "max": 0.19904252000000003,
            "count": 8
        },
        "MoveToGoal.Policy.Beta.mean": {
            "value": 0.00042639612,
            "min": 0.00042639612,
            "max": 0.000495308348,
            "count": 8
        },
        "MoveToGoal.IsTraining.mean": {
            "value": 1.0,
            "min": 1.0,
            "max": 1.0,
            "count": 8
        }
    },
    "metadata": {
        "timer_format_version": "0.1.0",
        "start_time_seconds": "1609998180",
        "python_version": "3.8.5 (default, Sep  3 2020, 21:29:08) [MSC v.1916 64 bit (AMD64)]",
        "command_line_arguments": "C:\\Users\\cullb\\Documents\\GitHub\\PracticeMLAgents\\venv\\Scripts\\mlagents-learn config/movetogoal.yaml --initialize-from=NN3 --run-id=NN4",
        "mlagents_version": "0.23.0",
        "mlagents_envs_version": "0.23.0",
        "communication_protocol_version": "1.3.0",
        "pytorch_version": "1.7.0+cu110",
        "numpy_version": "1.18.5",
        "end_time_seconds": "1609998719"
    },
    "total": 539.5081531999999,
    "count": 1,
    "self": 0.015630099999953018,
    "children": {
        "run_training.setup": {
            "total": 0.024845200000000123,
            "count": 1,
            "self": 0.024845200000000123
        },
        "TrainerController.start_learning": {
            "total": 539.4676779,
            "count": 1,
            "self": 1.782069600001023,
            "children": {
                "TrainerController._reset_env": {
                    "total": 11.3312318,
                    "count": 1,
                    "self": 11.3312318
                },
                "TrainerController.advance": {
                    "total": 526.1631757999992,
                    "count": 23518,
                    "self": 0.3912539000027664,
                    "children": {
                        "env_step": {
                            "total": 525.7719218999964,
                            "count": 23518,
                            "self": 454.00243589999496,
                            "children": {
                                "SubprocessEnvManager._take_step": {
                                    "total": 71.3398754999963,
                                    "count": 23518,
                                    "self": 1.986276399995191,
                                    "children": {
                                        "TorchPolicy.evaluate": {
                                            "total": 69.3535991000011,
                                            "count": 21551,
                                            "self": 25.948387099998136,
                                            "children": {
                                                "TorchPolicy.sample_actions": {
                                                    "total": 43.40521200000297,
                                                    "count": 21551,
                                                    "self": 43.40521200000297
                                                }
                                            }
                                        }
                                    }
                                },
                                "workers": {
                                    "total": 0.42961050000517,
                                    "count": 23517,
                                    "self": 0.0,
                                    "children": {
                                        "worker_root": {
                                            "total": 527.8141870999993,
                                            "count": 23517,
                                            "is_parallel": true,
                                            "self": 231.91342580000094,
                                            "children": {
                                                "steps_from_proto": {
                                                    "total": 0.0005143000000007447,
                                                    "count": 1,
                                                    "is_parallel": true,
                                                    "self": 0.00018910000000005311,
                                                    "children": {
                                                        "_process_vector_observation": {
                                                            "total": 0.0003252000000006916,
                                                            "count": 2,
                                                            "is_parallel": true,
                                                            "self": 0.0003252000000006916
                                                        }
                                                    }
                                                },
                                                "UnityEnvironment.step": {
                                                    "total": 295.9002469999984,
                                                    "count": 23517,
                                                    "is_parallel": true,
                                                    "self": 2.788196299989295,
                                                    "children": {
                                                        "UnityEnvironment._generate_step_input": {
                                                            "total": 11.217344300005413,
                                                            "count": 23517,
                                                            "is_parallel": true,
                                                            "self": 11.217344300005413
                                                        },
                                                        "communicator.exchange": {
                                                            "total": 274.9464300000034,
                                                            "count": 23517,
                                                            "is_parallel": true,